Crypto,Risk
ETH,0.0865684886113899
BNB,0.0674878429139227
XTZ,0.05045168548944
TRX,0.0470609976703843
BTC,0.029841195937599
BCH,0.0278072162249173
EOS,0.0275234611272796
BSV,0.0243615176359277
LTC,0.0209534016894098
CRO,0.0176635302869621
